FY2022 ISD External Certified Public Accounting Firms,Regions,,,,,,,,,,,,,,,,,,,,
Firms,1,2,3,4,5,6,7,8,9,10,11,12,13,14,15,16,17,18,19,20,Total
"ABIP, PC",,,,,,,,,,,,,2,,,,,,,7,9
"Alexander, Lankford & Hiers, Inc.",,,,,,,4,,,,,,,,,,,,,,4
"Anderson, Marx & Bohl, P.C.",,,,,,,1,,,5,,9,,,,,,,,,15
"Armstrong, Vaughan & Associates, P.C.",,1,,,,2,,,,,,,2,,,,,,,6,11
"Arnold, Walker, Arnold & Co., P.C.",,,,,,,1,10,,,,,,,,,,,,,11
"Axley & Rode, LLP - Lufkin",,,,,4,11,15,,,,,,,,,,,,,,30
"Belt Harris Pechacek, LLLP - Houston",,,3,5,1,15,2,,,,,,4,,1,,,,,2,33
Bennett Bennett & Trice PLLC,,,,,,,,,,,,,,,,,4,,,,4
"Bolinger, Segars, Gilbert & Moss, L.L.P.",,,,,,,,,,,,,,1,1,4,25,7,,,38
"Brockway, Gersbach, Franklin & Niemeier, P.C.",,,,,,1,,,,,,,,,,,,,,,1
"Brown, Graham & Company., P.C.",,,,,,,,,,,,,,,,14,,,,,14
"Burton McCumber & Longoria, L.L.P. - McAllen",1,,,,,,,,,,,,,,,,,,,,1
Cameron L. Gulley,,6,2,,,,,,7,,4,12,1,11,7,,,,,3,53
"Carr, Riggs & Ingram, LLC - Harlingen",7,,,,,,,,,,,,,,,,,,,,7
"Carr, Riggs & Ingram, LLC - McAllen",5,,,,,,,,,,,,,,,,,,,,5
"Cascos & Associates, PC",10,,,,,,,,,,,,,,,,,,,,10
CMMS CPAs & Advisors PLLC - Levelland,,,,,,,,,,,,,,,,,2,,,,2
CMMS CPAs & Advisors PPLC - Amarillo,,,,,,,,,,,,,,,,1,,,,,1
"Coleman, Horton & Company, LLP",,1,,,,,,,,,,,,,1,,,,,15,17
"Collier, Johnson & Woods, P.C.",,1,,,,,,,,,,,,,,,,,,,1
"Coy Barton, CPA",,,,,,,,,,,,,,,,6,,,,,6
"Davis, Heinemann & Company, P.C.",,,,,,6,,,,,,,,,,,,,,,6
"Davis, Ray & Co., P.C.",,,,,,,,,,,,,,,,,1,,,,1
"Eckert & Company, LLP",,,,,,,,,,,,,,,19,,,14,,,33
"Ede & Company, LLC",,,,,,,,,,,,,,,5,,,,,2,7
"Edgin, Parkman, Fleming & Fleming, PC",,,,,,,,,18,2,4,,,1,,1,,,,,26
Eide Bailly LLP - Abilene,,,,,,,,,,1,,,1,3,1,,4,1,,1,12
Eide Bailly LLP - Seymour,,,,,,,,,1,,,,,,,,,,,,1
"Ernest R. Garza and Company, P.C.",,4,,,,,,,,,,,,,,,,,,,4
"Foster and Lambert and Foard, LLC - Childress",,,,,,,,,,,,,,,,5,,,,,5
Francisco J. Espinoza,1,,,,,,,,,,,,,,,,,,,,1
"Freemon, Shapard & Story",,,,,,,,,2,,2,,,,,,,,,,4
Garza/Gonzalez & Associates,1,,,,,,,,,,,,,,,,,,,7,8
Gibson Ruddock Patterson LLC,,,,,,,,,,,,,,,,,,,7,,7
"Goff & Herrington, P.C.",,,,,2,3,16,,,,,,1,,,,,,,,22
"Gowland, Morales & Smith, PLLC",,10,2,,,,,,,,,,,,,,,,,,12
Guillermo Reyna CPA,1,,,,,,,,,,,,,,,,,,,,1
"Hankins, Eastup, Deaton, Tonn & Seay, PC",,,,,,,,,,16,21,,,,,,,,,,37
"Harrison, Waldrop & Uherek, L.L.P.",,,5,,,1,,,,,,,,,,,,,,,6
"Harry Afadapa and Associates, P. C. - Houston",,,4,,,,,,,,,,,,,,,,,,4
Haynie & Company - Dallas,,,,,,,,,,1,,,,,,,,,,,1
"J.R. Edwards & Associates, LLC",,,,1,7,,,,,,,,,,,,,,,,8
James E. Rodgers & Company,,,,,,,,,3,,4,2,,18,2,,,,,,29
"Jaynes, Reitmeier, Boyd & Therrell, P.C.",,,,,,,,,,,,5,1,,,,,,,,6
"John Womack & Co., P.C.",,2,,,,,,,,,,,,,,,,,,,2
"Johnson & Sheldon, PLLC",,,,,,,,,,,,,,,,19,,,,,19
"Karen A. Jacks & Associates, P.C.",,,,,,,3,,,,,,,,,,,,,,3
"Karl Kacir, CPA",,,,,,1,,,,,,6,2,,,,,,,,9
Keri Michutka CPA,,,,,1,,,,,,,,,,,,,,,,1
"Kile & CO., P.C.",,,,,,,,,,,,,,,,10,,,,,10
"KM&L, LLC",,,2,4,,,,,,,,,,,,,,,,,6
"Knuckols, Duvall, Hallum & Co.",,,,,,,3,2,,,,,,,,,,,,,5
"Leal & Carter, P.C.",,,,,,,,,,,,,,,,,,,,2,2
"Lott, Vernon & Company, P.C. - Killeen",,,,,,,,,,,,1,,,,,,,,,1
"Lott, Vernon & Company, P.C. - Temple",,,,,,,,,,,,3,2,,,,,,,,5
"Lovvorn & Kieschnick, LLP",2,10,,,,,,,,,,,,,,,,,,1,13
Luis Carlos Orozco,4,,,,,,,,,,,,,,,,,,,,4
"Malnory, McNeal & Company, P.C.",,,,,,,4,3,,,,,,,,,,,,,7
Mays & Associates PLLC - Baytown,,,,4,,,3,,,,,,,,,,,,,,7
"McClanahan & Holmes, LLP - Bonham",,,,,,,,,,1,,,,,,,,,,,1
"Merritt, McLane & Hamby, P.C.",,,,,,,,,2,,,2,,7,,,,,,,11
"Mitchell T Fontenote CPA, Incorporated",,,,1,7,,,,,,,,,,,,,,,,8
"Moore, Truelove, Pharis, Meyers & Marsh, PLLC",,,,,,,,,3,,,,,,,,,,,,3
"Morgan LaGrone, CPA, PLLC",,,,,,,7,,,,,,,,,,,,,,7
"Morgan, Davis & Company, P.C.",,,,,,,1,5,,17,,,,,,,,,,,23
"Neffendorf & Blocker, P.C.",,,,,,,,,,,,,5,,,,,,,6,11
"Noel Garza, CPA, PC",1,,,,,,,,,,,,,,,,,,,,1
"Pattillo, Brown & Hill, L.L.P. - Waco",,,1,1,,2,7,,,2,6,15,10,,1,,,,,2,47
"Paul J. Christensen & Associates, LLC",,,,,,,,,,,,3,,,,,,,,,3
"Prothro, Wilhelmi & Company, P.L.L.C.",,,,,,,1,,,,,,,,,,,,,,1
"Raul Hernandez & Company, PC",5,5,,,,,,,,,,,,,,,,,,,10
"Reed, McKee & Co., P.C.",,,,,,,,,,,,,,,4,,,1,,,5
Richard A. Bowman CPA,,,,,,,,,,,,,,,1,,,,,,1
"Roloff, Hnatek and Co., L.L.P.",,,17,1,,,,,,,,,1,,,,,,,,19
"Rutherford, Taylor & Company P.C. - Greenville",,,,,,,17,4,,16,1,,,,,,,,,,38
"Schalk & Smith, P.C.",,,,,,,,,,,3,,,,,,,,,,3
"Shawn D. Nesmith, CPA, PLLC",,,,,,,,,,1,,,,,,,,,,,1
"Singleton, Clark & Company, PC - Alpine",,,,,,,,,,,,,,,,,,3,3,,6
"Singleton, Clark & Company, PC - Cedar Park",,1,2,,,3,,,,,,17,12,,,,,,,,35
"Smith & Rives, PC",,,,,,,,,,,,,,,,,,2,1,,3
"Snow Garrett Williams, CPAs",,,,,,,,,,,20,,,,,,,,,,20
Squyres & Co. LLP,,,,,,,2,,,,,,,,,,,,,,2
"Stephens, Stephens, & Telchik, P.C.",,,,,,,,,,,,,,,,1,4,1,,,6
"Terry & King, CPAs, P.C.",,,,,,,,,,,,,,1,,,17,,,,18
"Thomas & Thomas, CPA's, PLLC",,,,,,,,4,,,,,,,,,,,,,4
Tiller and Company - San Augustine,,,,,,,1,,,,,,,,,,,,,,1
"Vail & Park, P.C.",,,,,,,,,,1,1,,,,,,,,,,2
"Wathen, De Shong & Juncker, L.L.P.",,,,,3,,,,,,,,,,,,,,,,3
"Wayne M. Manning, CPA",,,,,,,,,,,,,,,,,,1,,,1
"Weaver & Tidwell, L.L.P. - Austin",,,,,,2,,,,,,,,,,,,,,3,5
"Weaver & Tidwell, L.L.P. - Conroe",,,,9,3,4,,,,1,,1,,,,,,,,,18
"Weaver & Tidwell, L.L.P. - Dallas",,,,,,,,,1,9,1,,,,,,,,,,11
"Weaver & Tidwell, L.L.P. - Fort Worth",,,,,,,,,,,5,,,,,,,,,,5
"Weaver & Tidwell, L.L.P. - Houston",,,,3,,2,,,,,,,,,,,,,,,5
"West, Davis & Company, LLP",,,,,4,,,,,,,,1,,,,,,,,5
Whitley Penn LLP - Austin,,,,,,,,,,,,,7,,,,,,,,7
Whitley Penn LLP - Dallas,,,,,,,1,,,5,1,,,,,,,,,,7
Whitley Penn LLP - Fort Worth,,,,,,,,,,1,2,,,,,,,,,,3
Whitley Penn LLP - Houston,,,,18,2,2,,,,1,,,,,,,,,1,,24
Whitley Penn LLP - Odessa,,,,,,,,,,,,,,,,,,2,,,2
"Wilf & Henderson, P.C.",,,,,,,5,18,,,,,,,,,,,,,23
William A. Coombes,,,,,,,,,,,1,1,,,,,,,,,2
Total,38,41,38,47,34,55,94,46,37,80,76,77,52,42,43,61,57,32,12,57,1019
,,,,,,,,,,,,,,,,,,,,,
FY2022 Charter School ISD External Certified Public Accounting Firms,Region,,,,,,,,,,,,,,,,,,,,
Firms,1,2,4,5,6,7,10,11,12,13,14,15,17,18,19,20,Total,,,,
"ABIP, PC",,,,,,,,,,,,,,,,1,1,,,,
"Armanino, LLP",,,,,,,,,1,1,,,,,,,2,,,,
"Armstrong, Vaughan & Associates, P.C.",,,3,,,,,,,,,,,,,5,8,,,,
"Axley & Rode, LLP - Lufkin",,,,,,1,,,,,,,,,,,1,,,,
"Belt Harris Pechacek, LLLP - Houston",,,4,,,,,,,2,,,,,,,6,,,,
"Blazek & Vetterling, CPAs",1,,3,,1,,,,,4,,,,,,,9,,,,
"C. C. Garcia & Co., P.C.",,,,,,,,,,,,,,,,2,2,,,,
Cook Parker and Associates L.L.C.,,,,1,,,,,,,,,,,,,1,,,,
"Doeren Mayhew, CPAs and Advisors",,,1,,,,,,,,,,,,,,1,,,,
"Eckert & Company, LLP",,,,,,,,,,,,,,1,,,1,,,,
Forvis LLP,,,,,,,,,,,,,,,1,,1,,,,
"Freemon, Shapard & Story",,,,,,1,,4,,,,,,1,2,,8,,,,
Garza/Gonzalez & Associates,2,,,,,,,,,,,,1,,1,3,7,,,,
Gibson Ruddock Patterson LLC,,,,,,,,,,,,,,,1,,1,,,,
Gomez & Company,1,,4,,1,,3,,,,,,,,,5,14,,,,
Gregory S. Delk,,,,,,1,1,2,,,,,,,,,4,,,,
"Hankins, Eastup, Deaton, Tonn & Seay, PC",,,,,,,1,,,,,,,,,,1,,,,
Haynie & Company - Dallas,,,,,,1,4,2,,,,,,,,,7,,,,
"HLB Gravier, LLP - Florida",,,,,,,,,,,,,,,,1,1,,,,
"K. Evans & Associates, PLLC",,,1,,,,2,1,,,,,,,,,4,,,,
"Logan & Associates, P.C.",,,,1,,,,,,,,,,,,,1,,,,
"McConnell & Jones, LLP - Houston",,,6,,1,,4,,2,1,,,1,,,1,16,,,,
"Melton & Melton, L.L.P.",,,1,,,,,,,,,,,,,,1,,,,
"Mitchell T Fontenote CPA, Incorporated",,,,,,,2,,,1,,,,,,,3,,,,
Montemayor Britton & Bender PC,,,,,,,,,,2,,,,,,,2,,,,
"Paul J. Christensen & Associates, LLC",,,1,,,,,,,2,,,,,,2,5,,,,
"Ralph & Ralph, P.C.",,,1,,,,,,,,,,,,,,1,,,,
"Randy Walker & Co., CPAs",,,7,,,,,1,1,3,,,1,,,5,18,,,,
"Raul Hernandez & Company, PC",2,4,,,,,,,,,,,,,,,6,,,,
RSM US LLP - San Antonio,,,,,,,,,,,,,,,,1,1,,,,
"Rutherford, Taylor & Company P.C. - Greenville",,,,,,1,,,,,,,,,,,1,,,,
"Sutton Frost Cary, LLP",,,,,,,9,3,,,,1,,,1,1,15,,,,
UHY LLP - Farmington Hills - Michigan,,,,,,,1,,,,,,,,,1,2,,,,
"Vail & Park, P.C.",,,,,,,5,1,,,1,,,,,,7,,,,
"Wathen, De Shong & Juncker, L.L.P.",,,,1,,,,,,,,,,,,,1,,,,
"Weaver & Tidwell, L.L.P. - Dallas",,,,,,,2,,,,,,,,,,2,,,,
"Weaver & Tidwell, L.L.P. - Fort Worth",,,,,,,,1,,,,,,,,,1,,,,
"Weaver & Tidwell, L.L.P. - Houston",,,1,,,,,,,,,,,,,,1,,,,
Whitley Penn LLP - Houston,,,5,,,,,,1,1,,,,,1,1,9,,,,
"Yoe CPA, LLC",,,1,,,,,,,,,,,,,,1,,,,
Grand Total,6,4,39,3,3,5,34,15,5,17,1,1,3,2,7,29,174,,,,
,,,,,,,,,,,,,,,,,,,,,
FY2022 Charter School ISD External Certified Public Accounting Firms,Region,,,,,,,,,,,,,,,,,,,,
Firms,4,6,7,10,11,13,18,Total,,,,,,,,,,,,,
"Belt Harris Pechacek, LLLP - Houston",,1,1,,,1,1,4,,,,,,,,,,,,,
"Brooks Watson & Co., PLLC",,,,,1,,,1,,,,,,,,,,,,,
Deloitte & Touche LLP - Dallas,,,,1,,,,1,,,,,,,,,,,,,
"Goff & Herrington, P.C.",,,1,,,,,1,,,,,,,,,,,,,
"McConnell & Jones, LLP - Dallas",,,,1,,,,1,,,,,,,,,,,,,
"Melton & Melton, L.L.P.",1,,,,,,,1,,,,,,,,,,,,,
"West, Davis & Company, LLP",,,,,,1,,1,,,,,,,,,,,,,
Total,1,1,2,2,1,2,1,10,,,,,,,,,,,,,
